primary key, precinct, population, polygon type
"12", "Ritzville Rural Southeast", "186.0", "MultiPolygon"
"20", "Othello Rural 5", "334.0", "MultiPolygon"
"24", "Othello Rural 1", "265.0", "MultiPolygon"
"25", "Othello 7", "0.0", "Polygon"
"34", "West Clarkston 1", "508.0", "MultiPolygon"
"50", "Water: Snake River - Clarkston", "0.0", "Polygon"
"52", "Water: Grande Ronde River", "0.0", "MultiPolygon"
"53", "Water: Snake River", "0.0", "MultiPolygon"
"56", "Water: Snake River - Asotin", "0.0", "Polygon"
"60", "Anatone", "234.0", "MultiPolygon"
"62", "Rural Asotin", "0.0", "MultiPolygon"
"63", "Kennewick 655", "906.0", "MultiPolygon"
"73", "Yakima", "12.0", "MultiPolygon"
"74", "Federal", "0.0", "Polygon"
"75", "Weidle", "81.0", "MultiPolygon"
"77", "Elk", "0.0", "Polygon"
"85", "Hanford Nuclear Reservation", "0.0", "MultiPolygon"
"86", "Richland 120", "455.0", "MultiPolygon"
"89", "Sunny", "153.0", "MultiPolygon"
"94", "Clements", "94.0", "MultiPolygon"
"100", "Richland 135", "395.0", "MultiPolygon"
"104", "Richland 145", "581.0", "MultiPolygon"
"108", "Griffin", "149.0", "MultiPolygon"
"109", "Candy", "13.0", "MultiPolygon"
"111", "Kiona", "758.0", "MultiPolygon"
"119", "Prosser North", "565.0", "MultiPolygon"
"123", "Mills", "680.0", "MultiPolygon"
"148", "Farm", "12.0", "MultiPolygon"
"149", "Sage", "0.0", "Polygon"
"159", "Carley", "86.0", "MultiPolygon"
"160", "Paterson", "73.0", "MultiPolygon"
"170", "Richland 270", "661.0", "MultiPolygon"
"182", "Water: Columbia River - Kennewick", "0.0", "MultiPolygon"
"183", "Water: Columbia River", "0.0", "MultiPolygon"
"184", "Water: Columbia River - Hanford Reservation", "0.0", "Polygon"
"185", "Water: Columbia River - Richland", "0.0", "Polygon"
"190", "Richland 280", "1472.0", "MultiPolygon"
"191", "Richland 275", "242.0", "MultiPolygon"
"198", "Kennewick 681", "14.0", "MultiPolygon"
"199", "Spengler Road", "0.0", "Polygon"
"214", "Water: Yakima River - Richland", "0.0", "MultiPolygon"
"224", "West Richland 9", "0.0", "Polygon"
"235", "West Richland 1", "360.0", "MultiPolygon"
"237", "Water: Yakima River - West Richland", "0.0", "Polygon"
"239", "Benton East", "0.0", "Polygon"
"241", "Water: Yakima River - Benton City", "0.0", "Polygon"
"252", "Water: Yakima River - Prosser", "0.0", "MultiPolygon"
"255", "Water: Yakima River", "0.0", "MultiPolygon"
"256", "Prosser 450", "627.0", "MultiPolygon"
"257", "142", "54.0", "MultiPolygon"
"269", "125", "666.0", "MultiPolygon"
"280", "520", "1235.0", "MultiPolygon"
"290", "113", "131.0", "MultiPolygon"
"293", "110", "532.0", "MultiPolygon"
"318", "172", "25.0", "MultiPolygon"
"321", "164", "294.0", "MultiPolygon"
"326", "158", "369.0", "MultiPolygon"
"335", "1149", "77.0", "MultiPolygon"
"414", "Prairie South", "825.0", "MultiPolygon"
"419", "Sequim 5", "580.0", "MultiPolygon"
"420", "Bell Hill", "710.0", "MultiPolygon"
"428", "Bogachiel", "371.0", "MultiPolygon"
"437", "Water: Strait of Juan de Fuca", "0.0", "Polygon"
"480", "090", "865.0", "MultiPolygon"
"509", "490", "684.0", "MultiPolygon"
"510", "505", "1278.0", "MultiPolygon"
"525", "537", "851.0", "MultiPolygon"
"528", "510", "879.0", "MultiPolygon"
"530", "Water: Lacamas Lake", "0.0", "MultiPolygon"
"531", "Water: Yale Lake", "0.0", "Polygon"
"532", "Water: Lake Merwin", "0.0", "Polygon"
"533", "Water: Lewis River", "0.0", "MultiPolygon"
"534", "Water: Columbia River Leg 18", "0.0", "MultiPolygon"
"535", "Water: Lake River Leg 18", "0.0", "MultiPolygon"
"536", "Water: Lake River - Ridgefield", "0.0", "Polygon"
"537", "Water: Columbia River Leg 49", "0.0", "Polygon"
"538", "Water: Lake River Leg 49", "0.0", "Polygon"
"539", "Water: Columbia River - Vancouver Leg 49", "0.0", "Polygon"
"540", "Water: Columbia River - Vancouver Leg 17", "0.0", "Polygon"
"541", "Water: Columbia River - Camas", "0.0", "MultiPolygon"
"542", "Water: Lake Vancouver", "0.0", "Polygon"
"566", "961", "762.658", "MultiPolygon"
"580", "491", "0.0", "Polygon"
"587", "950", "1405.0", "MultiPolygon"
"593", "910", "1197.0", "MultiPolygon"
"650", "Brooklyn", "303.0", "MultiPolygon"
"651", "Umatilla National Forest", "0.0", "Polygon"
"662", "McGowan", "400.0", "MultiPolygon"
"738", "Kalama North", "863.0", "MultiPolygon"
"807", "Hoodoo", "126.0", "MultiPolygon"
"939", "Moses Lake 7", "1285.0", "MultiPolygon"
"940", "Moses Lake 3", "1235.0", "MultiPolygon"
"943", "Water: Moses Lake - City of Moses Lake", "0.0", "Polygon"
"944", "Moses Lake 8", "1310.0", "MultiPolygon"
"946", "Royal City", "225.0", "MultiPolygon"
"948", "Quincy 4", "374.0", "MultiPolygon"
"949", "Quincy 6", "729.0", "MultiPolygon"
"957", "Soap Lake 2", "292.0", "MultiPolygon"
"960", "Marlin (Krupp)", "33.0", "MultiPolygon"
"961", "Coulee City", "318.0", "MultiPolygon"
"963", "Electric City", "503.0", "MultiPolygon"
"965", "Coulee Dam", "0.0", "Polygon"
"966", "Water: Moses Lake", "0.0", "MultiPolygon"
"967", "Water: Banks Lake", "0.0", "MultiPolygon"
"968", "Water: Columbia River", "0.0", "MultiPolygon"
"969", "East Wahluke", "157.0", "MultiPolygon"
"970", "Mattawa Rural", "786.0", "MultiPolygon"
"971", "Beverly", "86.0", "MultiPolygon"
"975", "Smyrna 2", "39.0", "MultiPolygon"
"976", "George Rural", "800.0", "MultiPolygon"
"978", "Mae", "1196.0", "MultiPolygon"
"979", "McConihe 1", "234.0", "MultiPolygon"
"984", "O'Sullivan Dam", "1581.0", "MultiPolygon"
"989", "Wheeler", "1393.0", "MultiPolygon"
"993", "Quincy Rural North", "403.0", "MultiPolygon"
"998", "Lakeview Park", "993.0", "MultiPolygon"
"1002", "Coulee City Rural East", "143.0", "MultiPolygon"
"1004", "North Banks Lake", "236.0", "MultiPolygon"
"1005", "Moses Lake 11", "900.0", "MultiPolygon"
"1006", "Moses Lake 6", "1012.0", "MultiPolygon"
"1007", "Water: Potholes Reservoir", "0.0", "Polygon"
"1008", "George", "93.0", "MultiPolygon"
"1011", "Aberdeen Ward 1 Pct 1", "645.0", "MultiPolygon"
"1019", "Sierra", "0.0", "Polygon"
"1028", "McCleary Rural", "794.0", "MultiPolygon"
"1040", "Calder", "871.0", "MultiPolygon"
"1046", "Montesano 606", "0.0", "MultiPolygon"
"1047", "Water: Pacific Ocean Leg 19", "0.0", "Polygon"
"1048", "Water: Pacific Ocean Leg 24", "0.0", "Polygon"
"1049", "Water: Grays Harbor Leg 24", "0.0", "Polygon"
"1050", "Water: Grays Harbor Leg 19", "0.0", "MultiPolygon"
"1058", "Montesano 605", "499.0", "MultiPolygon"
"1060", "Montesano 603", "0.0", "MultiPolygon"
"1070", "Elma 303", "636.0", "MultiPolygon"
"1071", "Elma 302", "411.0", "MultiPolygon"
"1081", "Aberdeen Ward 3 Pct 1", "449.0", "MultiPolygon"
"1113", "Ault", "587.114", "MultiPolygon"
"1117", "Oak Harbor 15", "849.272", "MultiPolygon"
"1130", "Fort Nugent", "505.377", "MultiPolygon"
"1134", "Scenic Heights", "296.049", "MultiPolygon"
"1148", "Water: Strait of Juan de Fuca", "0.0", "Polygon"
"1150", "Water: Admiralty Bay", "0.0", "Polygon"
"1151", "Water: Saratoga Passage", "0.0", "Polygon"
"1152", "Water: Holmes Harbor", "0.0", "Polygon"
"1153", "Water: Puget Sound", "0.0", "Polygon"
"1154", "Water: Skagit Bay", "0.0", "Polygon"
"1155", "Water: Port Susan", "0.0", "Polygon"
"1156", "Water: Crescent Harbor", "0.0", "Polygon"
"1157", "Water: Oak Harbor", "0.0", "Polygon"
"1158", "Water: Penn Cove", "0.0", "Polygon"
"1159", "Water: Possession Sound", "0.0", "Polygon"
"1180", "Water: Pacific Ocean", "0.0", "Polygon"
"1181", "Water: Quilcene Bay", "0.0", "Polygon"
"1182", "Water: Hood Canal", "0.0", "Polygon"
"1183", "Water: Oak Bay", "0.0", "Polygon"
"1184", "Water: Port Townsend Bay", "0.0", "Polygon"
"1185", "Water: Admiralty Inlet", "0.0", "Polygon"
"1186", "Water: Discovery Bay", "0.0", "Polygon"
"1187", "Water: Dabob Bay", "0.0", "Polygon"
"1188", "Water: Strait of Juan de Fuca", "0.0", "Polygon"
"1189", "601", "106.0", "MultiPolygon"
"1194", "401", "741.0", "MultiPolygon"
"1197", "303", "1560.0", "MultiPolygon"
"1214", "101", "172.0", "MultiPolygon"
"1229", "FED 30-3089", "116.0", "MultiPolygon"
"1230", "Westwood", "0.0", "Polygon"
"1314", "Rainier", "59.0", "MultiPolygon"
"1381", "KEN 05-3462", "0.0", "Polygon"
"1385", "Phoebe", "33.0", "MultiPolygon"
"1467", "Eastwood", "553.0", "MultiPolygon"
"1554", "Cypress", "0.0", "Polygon"
"1905", "Jutland", "518.422", "MultiPolygon"
"1969", "Cougar Mtn", "139.0", "MultiPolygon"
"2019", "White River", "655.0", "MultiPolygon"
"2025", "Stacy", "169.0", "MultiPolygon"
"2026", "KEN 33-0596", "549.0", "MultiPolygon"
"2029", "KEN 47-3352", "0.0", "Polygon"
"2132", "KIR 32-3422", "105.0", "MultiPolygon"
"2152", "Water: Lake Sammamish Leg 5", "0.0", "Polygon"
"2153", "Water: Lake Washington - Seattle Leg 37", "0.0", "MultiPolygon"
"2154", "Water: Lake Washington Leg 37", "0.0", "Polygon"
"2155", "Water: Lake Washington Leg 41", "0.0", "Polygon"
"2156", "Water: Lake Washington Leg 45", "0.0", "Polygon"
"2157", "Water: Lake Washington - Seattle Leg 46", "0.0", "Polygon"
"2158", "Water: Lake Washington - Seattle Leg 43", "0.0", "Polygon"
"2159", "Water: Puget Sound Leg 30", "0.0", "Polygon"
"2160", "Water: Puget Sound Leg 34", "0.0", "Polygon"
"2163", "Chinook", "493.0", "MultiPolygon"
"2175", "ENM 31-0411", "778.0", "MultiPolygon"
"2181", "ENM 31-0416", "649.0", "MultiPolygon"
"2188", "KEN 47-0600", "0.0", "Polygon"
"2260", "Big Soos", "0.0", "Polygon"
"2302", "Bridle Trails", "0.0", "Polygon"
"2333", "Maple Ridge", "0.0", "Polygon"
"2334", "KEN 47-3375", "0.0", "Polygon"
"2458", "Norway Hill", "643.0", "MultiPolygon"
"2466", "Jenkins", "0.0", "Polygon"
"2473", "Grizzly", "729.0", "MultiPolygon"
"2476", "CAR 45-3290", "499.0", "MultiPolygon"
"2545", "Aquaview", "0.0", "Polygon"
"2597", "RNT 47-3494", "0.0", "Polygon"
"2631", "Sunset", "464.126", "MultiPolygon"
"2653", "Riverside", "585.0", "MultiPolygon"
"2762", "Diane", "16.0", "MultiPolygon"
"2795", "Water: Lake Washington Leg 32 Con 1", "0.0", "Polygon"
"2805", "Middle Fork", "491.0", "MultiPolygon"
"2821", "RNT 05-0404", "0.0", "Polygon"
"2958", "Water: Lake Washington Leg 48 Con 8", "0.0", "Polygon"
"2960", "Water: Lake Washington Leg 48 Con 1", "0.0", "Polygon"
"2963", "Water: Puget Sound - City of Normandy Park", "0.0", "Polygon"
"2968", "SNQ 05-1097", "422.0", "MultiPolygon"
"2974", "Lake Leota", "430.0", "MultiPolygon"
"3030", "TUK 37-3499", "168.0", "MultiPolygon"
"3031", "SEA 11-3491", "0.0", "Polygon"
"3086", "Lynn", "0.0", "Polygon"
"3093", "BEL 41-3435", "0.0", "Polygon"
"3126", "RNT 47-3541", "0.0", "Polygon"
"3129", "Water: Lake Sammamish Leg 48", "0.0", "Polygon"
"3134", "Water: Puget Sound - Seattle Leg 34", "0.0", "Polygon"
"3270", "Marymoor", "0.0", "MultiPolygon"
"3282", "Pinnacle", "0.0", "Polygon"
"3283", "Water: Elliott Bay", "0.0", "Polygon"
"3290", "Water: Puget Sound - Seattle Leg 36 Con 7", "0.0", "Polygon"
"3291", "Water: Puget Sound - Seattle Leg 36 Con 1", "0.0", "Polygon"
"3304", "Muckleshoot", "348.0", "MultiPolygon"
"3325", "Wesbo", "63.0", "MultiPolygon"
"3326", "West Hill", "823.0", "MultiPolygon"
"3468", "Borman", "0.0", "Polygon"
"3473", "PAC 31-3487", "0.0", "Polygon"
"3585", "Hilltop", "436.0", "MultiPolygon"
"3586", "RED 45-2659", "167.0", "MultiPolygon"
"3611", "RNT 05-3555", "0.0", "Polygon"
"3613", "Water: Puget Sound - City of Burien Con 7", "0.0", "Polygon"
"3615", "Water: Lake Washington Leg 32 Con 7", "0.0", "Polygon"
"3626", "Russ", "26.0", "MultiPolygon"
"3630", "B-D 47-3520", "0.0", "Polygon"
"3631", "B-D 31-3521", "0.0", "MultiPolygon"
"3745", "RED 48-0946", "0.0", "Polygon"
"3765", "Water: Puget Sound Leg 33", "0.0", "Polygon"
"3766", "Water: Puget Sound Leg 32", "0.0", "Polygon"
"3767", "Water: Puget Sound - City of Burien Con 9", "0.0", "Polygon"
"3768", "RNT 37-0969", "0.0", "Polygon"
"3769", "TUK 33-3606", "0.0", "Polygon"
"3770", "BOT 32-3419", "0.0", "Polygon"
"3792", "Poulsbo 401", "968.0", "MultiPolygon"
"3794", "Poulsbo 406", "873.0", "MultiPolygon"
"3796", "Poulsbo 404", "1625.0", "MultiPolygon"
"3828", "Sheridan", "328.0", "MultiPolygon"
"3831", "Port Orchard 204", "732.0", "MultiPolygon"
"3834", "Port Orchard 206", "0.0", "Polygon"
"3837", "Bremerton 290", "0.0", "Polygon"
"3860", "Bremerton 114", "0.0", "Polygon"
"3871", "Bremerton 107", "0.0", "MultiPolygon"
"3872", "Heins Creek", "0.0", "Polygon"
"3873", "Kitsap Lake", "70.0", "MultiPolygon"
"3879", "Water: Bremerton Leg 35", "0.0", "Polygon"
"3880", "Water: Bremerton Leg 26", "0.0", "Polygon"
"3881", "Water: Port Madison", "0.0", "Polygon"
"3882", "Water: Puget Sound Leg 23", "0.0", "Polygon"
"3891", "Manchester", "461.0", "MultiPolygon"
"3895", "Water: Puget Sound Leg 26", "0.0", "Polygon"
"3896", "Water: Hood Canal Leg 23", "0.0", "Polygon"
"3897", "Water: Hood Canal Leg 35", "0.0", "Polygon"
"3949", "Belfair Valley", "0.0", "Polygon"
"3967", "Tin Mine Creek", "0.0", "MultiPolygon"
"3968", "Camp Sundown", "8.0", "MultiPolygon"
"3980", "Bremerton 294", "0.0", "Polygon"
"3981", "Inlet View", "0.0", "Polygon"
"3982", "Port Orchard 208", "0.0", "Polygon"
"3983", "Berry Lake", "0.0", "Polygon"
"3984", "Water: Bainbridge Island", "0.0", "Polygon"
"3985", "Drive-In", "0.0", "Polygon"
"3986", "Port Orchard 207", "0.0", "Polygon"
"3988", "Cliffdell", "0.0", "Polygon"
"3996", "Canyon", "162.0", "MultiPolygon"
"4006", "Cle Elum 1", "306.0", "MultiPolygon"
"4008", "Kittitas 2", "340.0", "MultiPolygon"
"4012", "Sanders", "253.0", "MultiPolygon"
"4021", "Park", "521.0", "MultiPolygon"
"4022", "North Ellensburg", "501.0", "MultiPolygon"
"4026", "Kittitas 1", "294.0", "MultiPolygon"
"4068", "Bingen", "281.0", "MultiPolygon"
"4072", "North Fruit Valley", "481.0", "MultiPolygon"
"4077", "Woodland", "1038.0", "MultiPolygon"
"4105", "North Jackson", "0.0", "Polygon"
"4113", "Temple", "588.0", "MultiPolygon"
"4117", "Seminary Hill", "362.0", "MultiPolygon"
"4118", "Sears", "399.0", "MultiPolygon"
"4119", "Salzer", "358.0", "MultiPolygon"
"4135", "Harmony", "596.0", "MultiPolygon"
"4160", "Morton", "595.0", "MultiPolygon"
"4164", "Wilbur Inside", "587.0", "MultiPolygon"
"4168", "Davenport Inside", "1071.0", "MultiPolygon"
"4172", "Wheatland", "125.0", "MultiPolygon"
"4181", "Sherman", "85.0", "MultiPolygon"
"4185", "Seven Bays", "117.0", "MultiPolygon"
"4186", "Egypt", "174.0", "MultiPolygon"
"4188", "Mondovi", "126.0", "MultiPolygon"
"4204", "Water: Spokane River", "0.0", "MultiPolygon"
"4205", "Water: Columbia River", "0.0", "Polygon"
"4206", "Lakeview", "142.0", "MultiPolygon"
"4264", "Mountain View", "391.0", "MultiPolygon"
"4286", "Conconully City", "136.0", "MultiPolygon"
"4298", "Oroville 5", "109.0", "MultiPolygon"
"4303", "Oroville 10", "76.0", "MultiPolygon"
"4348", "West Chewuch", "120.0", "MultiPolygon"
"4357", "Omak River", "78.0", "MultiPolygon"
"4406", "Omak 11", "131.0", "MultiPolygon"
"4415", "Omak 20", "76.0", "MultiPolygon"
"4448", "Elmway", "125.204", "MultiPolygon"
"4467", "Lewis Butte", "135.0", "MultiPolygon"
"4488", "Omak 1", "73.0", "MultiPolygon"
"4504", "Raymond Ward 2", "346.0", "MultiPolygon"
"4509", "Ilwaco 2 Rural", "128.0", "MultiPolygon"
"4517", "South Bend 1 Rural", "9.0", "MultiPolygon"
"4527", "Diamond Lake", "0.0", "Polygon"
"4528", "Diamond Lake West", "0.0", "Polygon"
"4529", "Deer Valley South", "0.0", "Polygon"
"4530", "Fertile Valley South", "0.0", "Polygon"
"4531", "Newport Southwest", "0.0", "Polygon"
"4532", "Newport Southeast", "0.0", "Polygon"
"4533", "Newport Northeast", "0.0", "Polygon"
"4534", "Newport Northwest", "0.0", "Polygon"
"4535", "Furport", "0.0", "Polygon"
"4536", "Skookum", "0.0", "Polygon"
"4537", "Fertile Valley North", "0.0", "Polygon"
"4538", "Locke", "0.0", "Polygon"
"4539", "Ruby", "0.0", "Polygon"
"4540", "Tiger - Dry Canyon", "0.0", "Polygon"
"4541", "Ione West", "0.0", "Polygon"
"4542", "Ione East", "0.0", "Polygon"
"4543", "Sacheen", "0.0", "Polygon"
"4544", "Metaline Falls", "0.0", "Polygon"
"4545", "Dalkena", "0.0", "Polygon"
"4546", "Deer Valley North", "0.0", "Polygon"
"4547", "Metaline", "0.0", "Polygon"
"4548", "Diamond Lake East", "0.0", "Polygon"
"4549", "Camden", "0.0", "Polygon"
"4550", "Noble", "0.0", "Polygon"
"4551", "Usk", "0.0", "Polygon"
"4552", "Cusick", "0.0", "Polygon"
"4553", "Kalispel - LeClerc", "0.0", "Polygon"
"4594", "28-462", "797.0", "MultiPolygon"
"4598", "26-227", "2685.0", "MultiPolygon"
"4602", "26-223", "1552.0", "MultiPolygon"
"4604", "Water: Puget Sound Leg 27", "0.0", "Polygon"
"4605", "Water: City of Tacoma Leg 27", "0.0", "MultiPolygon"
"4606", "Water: Puget Sound Leg 28", "0.0", "Polygon"
"4607", "Water: Tacoma Narrows Leg 26", "0.0", "Polygon"
"4615", "28-451", "602.0", "MultiPolygon"
"4640", "26-214", "2628.0", "MultiPolygon"
"4644", "31-641", "165.0", "MultiPolygon"
"4652", "31-618", "9.0", "MultiPolygon"
"4657", "25-181", "80.0", "MultiPolygon"
"4658", "31-638", "1015.0", "MultiPolygon"
"4659", "31-636", "0.0", "MultiPolygon"
"4669", "28-426", "0.0", "Polygon"
"4670", "28-425", "0.0", "Polygon"
"4680", "31-624", "1710.0", "MultiPolygon"
"4681", "31-623", "2053.0", "MultiPolygon"
"4682", "31-622", "1568.0", "MultiPolygon"
"4683", "31-621", "2059.0", "MultiPolygon"
"4685", "31-617", "0.0", "MultiPolygon"
"4694", "25-178", "0.0", "Polygon"
"4696", "25-176", "0.0", "MultiPolygon"
"4705", "31-604", "465.0", "MultiPolygon"
"4760", "28-413", "494.0", "MultiPolygon"
"4763", "28-405", "546.0", "MultiPolygon"
"4774", "29-547", "0.0", "Polygon"
"4785", "27-360", "0.0", "Polygon"
"4787", "27-358", "106.0", "MultiPolygon"
"4791", "29-531", "21.0", "MultiPolygon"
"4802", "27-346", "0.0", "Polygon"
"4806", "25-135", "5.0", "MultiPolygon"
"4810", "25-129", "3.0", "MultiPolygon"
"4812", "25-127", "5.0", "MultiPolygon"
"4814", "Water: Colvos Passage Leg 26", "0.0", "Polygon"
"4815", "Water: Gig Harbor", "0.0", "Polygon"
"4816", "Water: Wollochet Bay", "0.0", "Polygon"
"4817", "Water: Filucy Bay", "0.0", "Polygon"
"4818", "Water: Mayo Cove", "0.0", "Polygon"
"4819", "Water: Van Geldern Cove", "0.0", "Polygon"
"4820", "Water: Burley Lagoon", "0.0", "Polygon"
"4821", "Water: Vaughn Bay", "0.0", "Polygon"
"4822", "Water: Rocky Bay", "0.0", "Polygon"
"4823", "Water: Case Inlet Leg 26", "0.0", "Polygon"
"4824", "Water: Puget Sound Leg 26", "0.0", "Polygon"
"4825", "Water: Carr Inlet", "0.0", "Polygon"
"4832", "29-514", "0.0", "Polygon"
"4848", "25-119", "0.0", "Polygon"
"4864", "27-330", "0.0", "Polygon"
"4868", "25-113", "0.0", "Polygon"
"4873", "31-672", "212.0", "MultiPolygon"
"4941", "28-457", "193.0", "MultiPolygon"
"4943", "27-329", "68.0", "MultiPolygon"
"4944", "25-175", "0.0", "Polygon"
"4945", "27-331", "0.0", "MultiPolygon"
"4946", "25-115", "0.0", "Polygon"
"4947", "27-355", "0.0", "Polygon"
"4948", "26-203", "0.0", "Polygon"
"4949", "26-204", "0.0", "Polygon"
"4950", "26-231", "0.0", "Polygon"
"4953", "San Juan 5", "808.0", "MultiPolygon"
"4966", "Friday Harbor 1", "723.0", "MultiPolygon"
"4968", "Sedro-Woolley 6", "0.0", "Polygon"
"4969", "Sedro-Woolley 5", "0.0", "MultiPolygon"
"4970", "Sedro-Woolley 3", "0.0", "Polygon"
"4971", "Sedro-Woolley 2", "0.0", "Polygon"
"4972", "Sedro-Woolley 7", "0.0", "Polygon"
"4973", "Sedro-Woolley 1", "0.0", "Polygon"
"4974", "Fruitdale", "0.0", "Polygon"
"4975", "Collins", "0.0", "Polygon"
"4976", "Mapes", "0.0", "Polygon"
"4977", "Sterling", "0.0", "Polygon"
"4978", "Cedardale", "0.0", "Polygon"
"4979", "Mount Vernon 26", "0.0", "MultiPolygon"
"4980", "Mount Vernon 27", "0.0", "Polygon"
"4981", "Skyridge", "0.0", "Polygon"
"4982", "Mount Vernon 11", "0.0", "Polygon"
"4983", "Mount Vernon 8", "0.0", "Polygon"
"4984", "Mount Vernon 16", "0.0", "Polygon"
"4985", "Mount Vernon 10", "0.0", "Polygon"
"4986", "Mount Vernon 12", "0.0", "Polygon"
"4987", "Mount Vernon 9", "0.0", "Polygon"
"4988", "Mount Vernon 7", "0.0", "Polygon"
"4989", "Mount Vernon 1", "0.0", "Polygon"
"4990", "Mount Vernon 2", "0.0", "Polygon"
"4991", "Mount Vernon 28", "0.0", "Polygon"
"4992", "Mount Vernon 5", "0.0", "Polygon"
"4993", "Dunbar", "0.0", "Polygon"
"4994", "Riverbend", "0.0", "Polygon"
"4995", "Mount Vernon 6", "0.0", "Polygon"
"4996", "Mount Vernon 15", "0.0", "Polygon"
"4997", "Mount Vernon 22", "0.0", "Polygon"
"4998", "Mount Vernon 19", "0.0", "Polygon"
"4999", "Mount Vernon 14", "0.0", "Polygon"
"5000", "Mount Vernon 3", "0.0", "Polygon"
"5001", "Mount Vernon 21", "0.0", "Polygon"
"5002", "Mount Vernon 29", "0.0", "Polygon"
"5003", "Mount Vernon 4", "0.0", "Polygon"
"5004", "Burlington 5", "0.0", "Polygon"
"5005", "Burlington 6", "0.0", "Polygon"
"5006", "Burlington 7", "0.0", "Polygon"
"5007", "Burlington 2", "0.0", "Polygon"
"5008", "Burlington 1", "0.0", "Polygon"
"5009", "Burlington 3", "0.0", "Polygon"
"5010", "Burlington 8", "0.0", "Polygon"
"5011", "Burlington 4", "0.0", "Polygon"
"5012", "Gear", "0.0", "Polygon"
"5013", "Gages", "0.0", "Polygon"
"5014", "Avon", "0.0", "Polygon"
"5015", "Mcrae", "0.0", "Polygon"
"5016", "Belfast", "0.0", "Polygon"
"5017", "Samish", "0.0", "Polygon"
"5018", "Alger", "0.0", "Polygon"
"5019", "Lookout", "0.0", "Polygon"
"5020", "Conway", "0.0", "Polygon"
"5021", "Fir", "0.0", "Polygon"
"5022", "Blanchard", "0.0", "Polygon"
"5023", "Bow", "0.0", "Polygon"
"5024", "Allen", "0.0", "Polygon"
"5025", "Vedere", "0.0", "Polygon"
"5026", "Country Club", "0.0", "Polygon"
"5027", "Terrace", "0.0", "Polygon"
"5028", "Fredonia", "0.0", "Polygon"
"5029", "Ridgeway", "0.0", "Polygon"
"5030", "Harmony", "0.0", "Polygon"
"5031", "Whitney", "0.0", "Polygon"
"5032", "La Conner", "0.0", "Polygon"
"5033", "Dodge Valley", "0.0", "Polygon"
"5034", "Shelter Bay", "0.0", "Polygon"
"5035", "Swinomish", "0.0", "Polygon"
"5036", "Snee Oosh", "0.0", "Polygon"
"5037", "Dewey", "0.0", "Polygon"
"5038", "Rosario", "0.0", "MultiPolygon"
"5039", "Anacortes 24", "0.0", "Polygon"
"5040", "Anacortes 21", "0.0", "Polygon"
"5041", "Anacortes 22", "0.0", "Polygon"
"5042", "Anacortes 20", "0.0", "Polygon"
"5043", "Anacortes 11", "0.0", "Polygon"
"5044", "Anacortes 17", "0.0", "Polygon"
"5045", "Anacortes 1", "0.0", "Polygon"
"5046", "Anacortes 4", "0.0", "Polygon"
"5047", "Anacortes 9", "0.0", "Polygon"
"5048", "Fidalgo", "0.0", "MultiPolygon"
"5049", "Anacortes 7", "0.0", "Polygon"
"5050", "Anacortes 5", "0.0", "Polygon"
"5051", "Anacortes 6", "0.0", "Polygon"
"5052", "March Point", "0.0", "Polygon"
"5053", "Padilla", "0.0", "Polygon"
"5054", "Bayview", "0.0", "Polygon"
"5055", "Edison", "0.0", "Polygon"
"5056", "Point Williams", "0.0", "Polygon"
"5057", "Guemes", "0.0", "Polygon"
"5058", "View Terrace", "0.0", "Polygon"
"5059", "Alder", "0.0", "Polygon"
"5060", "Burrows Bay", "0.0", "Polygon"
"5061", "Rosario Straight", "0.0", "Polygon"
"5062", "Guemes Channel", "0.0", "Polygon"
"5063", "Fildalgo Bay", "0.0", "Polygon"
"5064", "Padilla Bay", "0.0", "Polygon"
"5065", "Samish Bay", "0.0", "Polygon"
"5066", "Cascade", "0.0", "Polygon"
"5067", "Rockport", "0.0", "Polygon"
"5068", "Skagit County", "0.0", "MultiPolygon"
"5069", "Sauk", "0.0", "Polygon"
"5070", "Mansford", "0.0", "Polygon"
"5071", "Lake Cavanaugh", "0.0", "Polygon"
"5072", "Montborne", "0.0", "Polygon"
"5073", "Tingley", "0.0", "Polygon"
"5074", "Clear Lake", "0.0", "Polygon"
"5075", "Concrete", "0.0", "Polygon"
"5076", "Birdsview", "0.0", "Polygon"
"5077", "Minkler", "0.0", "Polygon"
"5078", "Hamilton", "0.0", "MultiPolygon"
"5079", "Lyman", "0.0", "Polygon"
"5080", "Prairie", "0.0", "Polygon"
"5081", "McMurray East", "0.0", "Polygon"
"5082", "McMurray West", "0.0", "Polygon"
"5083", "Starbird", "0.0", "Polygon"
"5084", "Lake Sixteen", "0.0", "Polygon"
"5085", "Little Mountain", "0.0", "Polygon"
"5086", "Big Lake", "0.0", "Polygon"
"5087", "Digby", "0.0", "Polygon"
"5088", "Nookachamps", "0.0", "Polygon"
"5089", "Hamburg", "0.0", "Polygon"
"5090", "Van Fleet", "0.0", "MultiPolygon"
"5091", "Sedro-Woolley 4", "0.0", "Polygon"
"5092", "Wind Mountain North", "0.0", "Polygon"
"5093", "Chenowith North", "0.0", "Polygon"
"5106", "Cascades", "19.0", "MultiPolygon"
"5132", "Coho", "370.0", "MultiPolygon"
"5144", "Hunt", "19.0", "MultiPolygon"
"5164", "Kingman", "476.0", "MultiPolygon"
"5251", "Marsh", "640.0", "MultiPolygon"
"5270", "Brier 6", "313.0", "MultiPolygon"
"5287", "Marion", "476.0", "MultiPolygon"
"5320", "Monroe Reservoir", "0.0", "Polygon"
"5321", "Marysville Well Site", "0.0", "Polygon"
"5322", "Stanwood Well Site", "0.0", "MultiPolygon"
"5324", "Arlington Reservoir", "0.0", "Polygon"
"5327", "Tambark", "0.0", "Polygon"
"5352", "Hartford", "296.0", "MultiPolygon"
"5361", "Everett 1", "515.0", "MultiPolygon"
"5377", "Woods Creek", "481.0", "MultiPolygon"
"5384", "Robinhood", "442.0", "MultiPolygon"
"5391", "Mountlake Terrace 8", "627.0", "MultiPolygon"
"5444", "Gold Bar 2", "509.0", "MultiPolygon"
"5454", "Bothell 32", "474.0", "MultiPolygon"
"5483", "Monroe 9", "632.0", "MultiPolygon"
"5536", "Monroe 2", "596.0", "MultiPolygon"
"5558", "Arlington 10", "818.0", "MultiPolygon"
"5617", "Timber", "11.7999", "MultiPolygon"
"5623", "Peak", "26.0", "MultiPolygon"
"5629", "Glen Acres", "0.0", "Polygon"
"5631", "Mill Creek 14", "26.0", "MultiPolygon"
"5634", "Mill Creek 11", "408.863", "MultiPolygon"
"5656", "Edmonds 19", "770.0", "MultiPolygon"
"5660", "Aldercrest", "413.0", "MultiPolygon"
"5662", "Airpark", "142.0", "MultiPolygon"
"5665", "Terrace", "142.0", "MultiPolygon"
"5679", "Mill Creek 7", "43.0", "MultiPolygon"
"5685", "Lost Lake", "563.0", "MultiPolygon"
"5712", "Dogwood", "0.0", "Polygon"
"5724", "Water: Puget Sound Leg 32", "0.0", "Polygon"
"5748", "Everett 58", "83.0", "MultiPolygon"
"5756", "Sofie", "307.105", "MultiPolygon"
"5760", "Water: Puget Sound - City of Woodway", "0.0", "Polygon"
"5761", "Water: Puget Sound Leg 21", "0.0", "MultiPolygon"
"5762", "Water: Puget Sound - City of Edmonds", "0.0", "Polygon"
"5763", "Water: Possession Sound - City of Mukilteo", "0.0", "Polygon"
"5764", "Water: Possession Sound - City of Everett", "0.0", "Polygon"
"5765", "Water: Possession Sound", "0.0", "Polygon"
"5766", "Water: Tulalip Bay", "0.0", "Polygon"
"5808", "Water: Port Susan", "0.0", "Polygon"
"5809", "Water: Skagit Bay", "0.0", "Polygon"
"5810", "Water: Lake Stevens", "0.0", "Polygon"
"5811", "Snohomish 6", "317.0", "MultiPolygon"
"5821", "Spencer", "2.0", "MultiPolygon"
"5827", "Tank Farm", "0.0", "Polygon"
"5828", "Sultan Water Site", "0.0", "Polygon"
"5829", "Snohomish River", "0.0", "Polygon"
"5830", "Nile", "0.0", "Polygon"
"5831", "Monroe Fire Station", "0.0", "Polygon"
"5832", "Marysville Well Site", "0.0", "Polygon"
"5853", "Dubuque", "558.0", "MultiPolygon"
"5859", "Perrinville", "0.0", "Polygon"
"5869", "Lynnwood Sewer Treatment", "0.0", "Polygon"
"5870", "Everett Watershed", "0.0", "MultiPolygon"
"5871", "Everett Watershed", "0.0", "MultiPolygon"
"5872", "Airport", "0.0", "Polygon"
"5936", "6400", "647.0", "MultiPolygon"
"5954", "4443", "0.0", "Polygon"
"5968", "4100", "2.0", "MultiPolygon"
"6054", "6026", "553.0", "MultiPolygon"
"6100", "9700", "278.0", "MultiPolygon"
"6191", "Quartzite 2", "429.0", "MultiPolygon"
"6193", "Meyers Falls 2", "751.0", "MultiPolygon"
"6194", "Meyers Falls 1", "480.0", "MultiPolygon"
"6276", "Olympia 48", "770.0", "MultiPolygon"
"6297", "Tenino 2", "432.0", "MultiPolygon"
"6307", "Tumwater 19", "0.0", "Polygon"
"6310", "Tumwater 15", "743.0", "MultiPolygon"
"6323", "Tumwater 2", "525.0", "MultiPolygon"
"6325", "Lacey 50", "0.0", "Polygon"
"6373", "Yelm 3", "666.0", "MultiPolygon"
"6376", "Water: Totten Inlet", "0.0", "Polygon"
"6377", "Water: Squaxin Passage", "0.0", "Polygon"
"6378", "Water: Puget Sound Leg 35", "0.0", "Polygon"
"6379", "Water: Eld Inlet Leg 35", "0.0", "Polygon"
"6413", "Simmons 4", "34.0", "MultiPolygon"
"6414", "Simmons 3", "31.0", "MultiPolygon"
"6416", "Quince", "4.0", "MultiPolygon"
"6423", "Water: Young Cove", "0.0", "Polygon"
"6424", "Water: Mud Bay", "0.0", "Polygon"
"6425", "Water: Eld Inlet Leg 22", "0.0", "Polygon"
"6426", "Water: Green Cove", "0.0", "Polygon"
"6427", "Water: Budd Inlet Con 3", "0.0", "Polygon"
"6428", "Water: Tykle Cove", "0.0", "Polygon"
"6429", "Water: Butler Cove", "0.0", "Polygon"
"6430", "Water: Gull Harbor", "0.0", "Polygon"
"6431", "Water: Budd Inlet Con 9", "0.0", "MultiPolygon"
"6432", "Water: Puget Sound Con 3", "0.0", "Polygon"
"6433", "Water: Dogfish Bight", "0.0", "Polygon"
"6434", "Water: Puget Sound Con 9", "0.0", "Polygon"
"6472", "Water: Henderson Inlet", "0.0", "Polygon"
"6473", "Water: Nisqually Reach", "0.0", "Polygon"
"6485", "South Union", "943.0", "MultiPolygon"
"6488", "Bush Prairie", "162.0", "MultiPolygon"
"6508", "Steamboat Island", "452.0", "MultiPolygon"
"6536", "Jones Beach", "320.0", "MultiPolygon"
"6558", "North Cathlamet", "111.0", "MultiPolygon"
"6561", "South Cathlamet", "246.0", "MultiPolygon"
"6566", "Blalock", "730.0", "MultiPolygon"
"6568", "CP 3", "686.0", "MultiPolygon"
"6569", "Twin Grove", "401.0", "MultiPolygon"
"6573", "Derry", "196.0", "MultiPolygon"
"6575", "Gose", "167.0", "MultiPolygon"
"6576", "Garrison", "416.0", "MultiPolygon"
"6577", "Pine", "566.0", "MultiPolygon"
"6579", "Jefferson", "898.0", "MultiPolygon"
"6583", "Braden", "709.0", "MultiPolygon"
"6590", "Pleasant", "885.0", "MultiPolygon"
"6603", "Spruce", "524.0", "MultiPolygon"
"6604", "Yellowhawk", "68.0", "MultiPolygon"
"6608", "Baker", "159.0", "MultiPolygon"
"6613", "Prescott", "159.0", "MultiPolygon"
"6649", "122", "785.0", "MultiPolygon"
"6650", "121", "870.0", "MultiPolygon"
"6668", "103", "1274.0", "MultiPolygon"
"6672", "157", "0.0", "Polygon"
"6673", "Water: Birch Bay", "0.0", "Polygon"
"6674", "Water: Semiahmoo Bay", "0.0", "Polygon"
"6675", "Water: Lummi Bay", "0.0", "Polygon"
"6676", "Water: Hale Passage", "0.0", "Polygon"
"6677", "Water: Strait of Georgia", "0.0", "Polygon"
"6678", "Water: Rosario Strait", "0.0", "Polygon"
"6679", "Water: Portage Bay", "0.0", "Polygon"
"6680", "Water: Bellingham Bay Leg 42", "0.0", "Polygon"
"6681", "Water: Bellingham Bay Leg 40", "0.0", "Polygon"
"6682", "Water: Bellingham Bay - Bellingham Leg 42", "0.0", "MultiPolygon"
"6683", "Water: Bellingham Bay - Bellingham Leg 40", "0.0", "MultiPolygon"
"6684", "Water: Drayton Harbor", "0.0", "Polygon"
"6685", "Water: Blaine", "0.0", "MultiPolygon"
"6686", "Mount Baker National Forest Leg 42", "0.0", "Polygon"
"6687", "Mount Baker National Forest Leg 39", "0.0", "MultiPolygon"
"6688", "North Cascades National Park", "0.0", "MultiPolygon"
"6689", "Ross Lake National Recreation Area", "0.0", "Polygon"
"6690", "Water: Lake Whatcom - Bellingham", "0.0", "Polygon"
"6691", "Water: Lake Whatcom", "0.0", "Polygon"
"6692", "US Customs Highway Crossing", "0.0", "Polygon"
"6755", "Blaine 302", "932.0", "MultiPolygon"
"6758", "155", "585.0", "MultiPolygon"
"6763", "150", "1160.0", "MultiPolygon"
"6771", "North Colfax", "209.0", "MultiPolygon"
"6772", "South Colfax", "394.0", "MultiPolygon"
"6777", "South Pullman", "702.0", "MultiPolygon"
"6815", "Thornton", "108.0", "MultiPolygon"
"6828", "Toppenish 2103", "994.0", "MultiPolygon"
"6836", "Grandview 0", "0.0", "Polygon"
"6844", "Grandview 303", "714.0", "MultiPolygon"
"6846", "Belma", "1080.0", "MultiPolygon"
"6849", "Crescent", "15.0", "MultiPolygon"
"6859", "E Zillah", "1168.0", "MultiPolygon"
"6867", "Fairview", "0.0", "MultiPolygon"
"6871", "Wanapum", "0.0", "Polygon"
"6882", "Gleed", "1166.0", "MultiPolygon"
"6883", "Westview", "180.0", "MultiPolygon"
"6887", "White Swan", "989.0", "Polygon"
"6913", "Selah 1506", "0.0", "Polygon"
"6914", "Sunnyside 1704", "0.0", "Polygon"